"NFT","Sales","Volume","Date","Source"
"Bored Ape Yacht Club","52","1834727.8800","2023-11-25","CryptoSlam"
"Bored Ape Yacht Club","51","1012372.6300","2023-11-26","CryptoSlam"
"Bored Ape Yacht Club","43","1178190.4500","2023-11-27","CryptoSlam"
"Bored Ape Yacht Club","26","1485236.6100","2023-11-28","CryptoSlam"
"Bored Ape Yacht Club","28","649643.1000","2023-11-29","CryptoSlam"
"Bored Ape Yacht Club","34","1959561.5200","2023-11-30","CryptoSlam"
"Bored Ape Yacht Club","22","1850381.7400","2023-12-01","CryptoSlam"
"Bored Ape Yacht Club","33","675157.0600","2023-12-02","CryptoSlam"
"Bored Ape Yacht Club","28","972201.6900","2023-12-03","CryptoSlam"
"Bored Ape Yacht Club","40","2061450.6400","2023-12-04","CryptoSlam"
"Bored Ape Yacht Club","36","812883.5200","2023-12-05","CryptoSlam"
"Bored Ape Yacht Club","38","675509.9100","2023-12-06","CryptoSlam"
"Bored Ape Yacht Club","25","811200.6400","2023-12-07","CryptoSlam"
"Bored Ape Yacht Club","25","618722.3000","2023-12-08","CryptoSlam"
"Bored Ape Yacht Club","14","314474.5800","2023-12-09","CryptoSlam"
"Bored Ape Yacht Club","26","459792.3800","2023-12-10","CryptoSlam"
"Bored Ape Yacht Club","27","327590.5500","2023-12-11","CryptoSlam"
"Bored Ape Yacht Club","24","493651.3500","2023-12-12","CryptoSlam"
"Bored Ape Yacht Club","21","564195.9700","2023-12-13","CryptoSlam"
"Bored Ape Yacht Club","23","709310.6400","2023-12-14","CryptoSlam"
"Bored Ape Yacht Club","11","341435.7600","2023-12-15","CryptoSlam"
"Bored Ape Yacht Club","21","846002.7600","2023-12-16","CryptoSlam"
"Bored Ape Yacht Club","23","761276.3200","2023-12-17","CryptoSlam"
"Bored Ape Yacht Club","12","449206.3600","2023-12-18","CryptoSlam"
"Bored Ape Yacht Club","16","707689.7500","2023-12-19","CryptoSlam"
"Bored Ape Yacht Club","15","667333.6700","2023-12-20","CryptoSlam"
"Bored Ape Yacht Club","20","413256.0200","2023-12-21","CryptoSlam"
"Bored Ape Yacht Club","6","118419.7300","2023-12-22","CryptoSlam"
"Bored Ape Yacht Club","4","207087.6700","2023-12-23","CryptoSlam"
"Bored Ape Yacht Club","7","255612.2700","2023-12-24","CryptoSlam"
"Azuki","42","469145.2200","2023-11-25","CryptoSlam"
"Azuki","26","141188.5900","2023-11-26","CryptoSlam"
"Azuki","22","191415.6100","2023-11-27","CryptoSlam"
"Azuki","42","193673.7900","2023-11-28","CryptoSlam"
"Azuki","27","133589.0400","2023-11-29","CryptoSlam"
"Azuki","52","367856.2500","2023-11-30","CryptoSlam"
"Azuki","36","151284.1200","2023-12-01","CryptoSlam"
"Azuki","36","419531.8400","2023-12-02","CryptoSlam"
"Azuki","70","1100797.4200","2023-12-03","CryptoSlam"
"Azuki","44","331093.7300","2023-12-04","CryptoSlam"
"Azuki","32","449029.7400","2023-12-05","CryptoSlam"
"Azuki","34","303345.1600","2023-12-06","CryptoSlam"
"Azuki","19","74092.2000","2023-12-07","CryptoSlam"
"Azuki","26","62259.2000","2023-12-08","CryptoSlam"
"Azuki","24","297912.6600","2023-12-09","CryptoSlam"
"Azuki","35","375686.4600","2023-12-10","CryptoSlam"
"Azuki","45","393189.4500","2023-12-11","CryptoSlam"
"Azuki","25","153022.0200","2023-12-12","CryptoSlam"
"Azuki","14","108022.3200","2023-12-13","CryptoSlam"
"Azuki","20","43887.1600","2023-12-14","CryptoSlam"
"Azuki","35","409509.9000","2023-12-15","CryptoSlam"
"Azuki","36","347526.4500","2023-12-16","CryptoSlam"
"Azuki","30","178714.4800","2023-12-17","CryptoSlam"
"Azuki","39","87379.2600","2023-12-18","CryptoSlam"
"Azuki","40","127192.4100","2023-12-19","CryptoSlam"
"Azuki","32","46737.0900","2023-12-20","CryptoSlam"
"Azuki","57","381001.4300","2023-12-21","CryptoSlam"
"Azuki","45","666076.1900","2023-12-22","CryptoSlam"
"Azuki","45","168575.8700","2023-12-23","CryptoSlam"
"Azuki","48","172049.9800","2023-12-24","CryptoSlam"
"Mutant Ape Yacht Club","104","553868.4900","2023-11-25","CryptoSlam"
"Mutant Ape Yacht Club","78","495913.9800","2023-11-26","CryptoSlam"
"Mutant Ape Yacht Club","65","428046.5300","2023-11-27","CryptoSlam"
"Mutant Ape Yacht Club","58","338779.8900","2023-11-28","CryptoSlam"
"Mutant Ape Yacht Club","60","949087.9500","2023-11-29","CryptoSlam"
"Mutant Ape Yacht Club","57","316405.5500","2023-11-30","CryptoSlam"
"Mutant Ape Yacht Club","62","795914.8900","2023-12-01","CryptoSlam"
"Mutant Ape Yacht Club","59","744793.9500","2023-12-02","CryptoSlam"
"Mutant Ape Yacht Club","119","961976.4700","2023-12-03","CryptoSlam"
"Mutant Ape Yacht Club","68","481089.2200","2023-12-04","CryptoSlam"
"Mutant Ape Yacht Club","64","500418.8800","2023-12-05","CryptoSlam"
"Mutant Ape Yacht Club","54","476283.0000","2023-12-06","CryptoSlam"
"Mutant Ape Yacht Club","66","450125.2000","2023-12-07","CryptoSlam"
"Mutant Ape Yacht Club","69","812690.2100","2023-12-08","CryptoSlam"
"Mutant Ape Yacht Club","57","239796.8500","2023-12-09","CryptoSlam"
"Mutant Ape Yacht Club","58","253436.6800","2023-12-10","CryptoSlam"
"Mutant Ape Yacht Club","69","557513.8000","2023-12-11","CryptoSlam"
"Mutant Ape Yacht Club","52","661498.9300","2023-12-12","CryptoSlam"
"Mutant Ape Yacht Club","70","687110.5900","2023-12-13","CryptoSlam"
"Mutant Ape Yacht Club","63","229377.1400","2023-12-14","CryptoSlam"
"Mutant Ape Yacht Club","52","265477.5200","2023-12-15","CryptoSlam"
"Mutant Ape Yacht Club","63","296731.3300","2023-12-16","CryptoSlam"
"Mutant Ape Yacht Club","49","383220.9900","2023-12-17","CryptoSlam"
"Mutant Ape Yacht Club","52","257791.8600","2023-12-18","CryptoSlam"
"Mutant Ape Yacht Club","59","288048.6000","2023-12-19","CryptoSlam"
"Mutant Ape Yacht Club","58","259713.1800","2023-12-20","CryptoSlam"
"Mutant Ape Yacht Club","68","216920.6300","2023-12-21","CryptoSlam"
"Mutant Ape Yacht Club","59","295255.9400","2023-12-22","CryptoSlam"
"Mutant Ape Yacht Club","46","384719.9500","2023-12-23","CryptoSlam"
"Mutant Ape Yacht Club","40","321825.1900","2023-12-24","CryptoSlam"
"Doodles","39","233495.1700","2023-11-25","CryptoSlam"
"Doodles","24","156531.6900","2023-11-26","CryptoSlam"
"Doodles","31","148355.0900","2023-11-27","CryptoSlam"
"Doodles","37","188156.0900","2023-11-28","CryptoSlam"
"Doodles","42","220193.3800","2023-11-29","CryptoSlam"
"Doodles","20","80751.6700","2023-11-30","CryptoSlam"
"Doodles","29","140876.9300","2023-12-01","CryptoSlam"
"Doodles","35","175029.9000","2023-12-02","CryptoSlam"
"Doodles","53","357399.6700","2023-12-03","CryptoSlam"
"Doodles","37","261568.1900","2023-12-04","CryptoSlam"
"Doodles","23","108895.0000","2023-12-05","CryptoSlam"
"Doodles","12","57897.6100","2023-12-06","CryptoSlam"
"Doodles","17","103236.2100","2023-12-07","CryptoSlam"
"Doodles","23","122313.2700","2023-12-08","CryptoSlam"
"Doodles","16","93295.6700","2023-12-09","CryptoSlam"
"Doodles","24","115953.9600","2023-12-10","CryptoSlam"
"Doodles","21","115245.0100","2023-12-11","CryptoSlam"
"Doodles","15","79348.7100","2023-12-12","CryptoSlam"
"Doodles","17","71220.7000","2023-12-13","CryptoSlam"
"Doodles","15","65513.7200","2023-12-14","CryptoSlam"
"Doodles","16","82726.9000","2023-12-15","CryptoSlam"
"Doodles","20","91735.0100","2023-12-16","CryptoSlam"
"Doodles","18","82201.2500","2023-12-17","CryptoSlam"
"Doodles","27","124009.6700","2023-12-18","CryptoSlam"
"Doodles","18","88475.6400","2023-12-19","CryptoSlam"
"Doodles","14","58990.0500","2023-12-20","CryptoSlam"
"Doodles","17","76908.2200","2023-12-21","CryptoSlam"
"Doodles","26","130025.5000","2023-12-22","CryptoSlam"
"Doodles","13","63074.2300","2023-12-23","CryptoSlam"
"Doodles","4","17982.5300","2023-12-24","CryptoSlam"
"Moonbirds","70","527370.7100","2023-11-25","CryptoSlam"
"Moonbirds","52","306230.2000","2023-11-26","CryptoSlam"
"Moonbirds","52","203809.4600","2023-11-27","CryptoSlam"
"Moonbirds","55","153279.0500","2023-11-28","CryptoSlam"
"Moonbirds","67","159250.5500","2023-11-29","CryptoSlam"
"Moonbirds","72","149558.3400","2023-11-30","CryptoSlam"
"Moonbirds","180","220189.6100","2023-12-01","CryptoSlam"
"Moonbirds","71","158701.0600","2023-12-02","CryptoSlam"
"Moonbirds","74","283625.0600","2023-12-03","CryptoSlam"
"Moonbirds","54","239007.5900","2023-12-04","CryptoSlam"
"Moonbirds","33","134108.0300","2023-12-05","CryptoSlam"
"Moonbirds","34","116059.5700","2023-12-06","CryptoSlam"
"Moonbirds","36","97135.1500","2023-12-07","CryptoSlam"
"Moonbirds","44","142211.0600","2023-12-08","CryptoSlam"
"Moonbirds","54","87810.5100","2023-12-09","CryptoSlam"
"Moonbirds","29","105532.4100","2023-12-10","CryptoSlam"
"Moonbirds","27","139907.7900","2023-12-11","CryptoSlam"
"Moonbirds","20","108376.4200","2023-12-12","CryptoSlam"
"Moonbirds","31","104751.8100","2023-12-13","CryptoSlam"
"Moonbirds","69","375507.0500","2023-12-14","CryptoSlam"
"Moonbirds","26","120247.1300","2023-12-15","CryptoSlam"
"Moonbirds","24","87788.0800","2023-12-16","CryptoSlam"
"Moonbirds","20","66271.7400","2023-12-17","CryptoSlam"
"Moonbirds","53","108945.7900","2023-12-18","CryptoSlam"
"Moonbirds","29","73278.4000","2023-12-19","CryptoSlam"
"Moonbirds","34","144809.2500","2023-12-20","CryptoSlam"
"Moonbirds","86","261527.2700","2023-12-21","CryptoSlam"
"Moonbirds","122","285543.1800","2023-12-22","CryptoSlam"
"Moonbirds","75","128626.7800","2023-12-23","CryptoSlam"
"Moonbirds","41","92439.7400","2023-12-24","CryptoSlam"
"Otherdeed for Otherside","32","47529.7300","2023-11-25","CryptoSlam"
"Otherdeed for Otherside","35","137982.2900","2023-11-26","CryptoSlam"
"Otherdeed for Otherside","40","89074.1600","2023-11-27","CryptoSlam"
"Otherdeed for Otherside","34","51679.4300","2023-11-28","CryptoSlam"
"Otherdeed for Otherside","38","90431.0400","2023-11-29","CryptoSlam"
"Otherdeed for Otherside","44","137765.2900","2023-11-30","CryptoSlam"
"Otherdeed for Otherside","21","36998.5600","2023-12-01","CryptoSlam"
"Otherdeed for Otherside","68","98102.3200","2023-12-02","CryptoSlam"
"Otherdeed for Otherside","39","108865.0700","2023-12-03","CryptoSlam"
"Otherdeed for Otherside","25","229331.1200","2023-12-04","CryptoSlam"
"Otherdeed for Otherside","32","82600.3600","2023-12-05","CryptoSlam"
"Otherdeed for Otherside","31","62626.6100","2023-12-06","CryptoSlam"
"Otherdeed for Otherside","42","108529.8200","2023-12-07","CryptoSlam"
"Otherdeed for Otherside","28","69053.2500","2023-12-08","CryptoSlam"
"Otherdeed for Otherside","31","83801.4000","2023-12-09","CryptoSlam"
"Otherdeed for Otherside","24","81385.2100","2023-12-10","CryptoSlam"
"Otherdeed for Otherside","17","59499.9800","2023-12-11","CryptoSlam"
"Otherdeed for Otherside","34","115478.0800","2023-12-12","CryptoSlam"
"Otherdeed for Otherside","38","165566.6700","2023-12-13","CryptoSlam"
"Otherdeed for Otherside","28","72555.8800","2023-12-14","CryptoSlam"
"Otherdeed for Otherside","16","49543.9800","2023-12-15","CryptoSlam"
"Otherdeed for Otherside","21","63715.6200","2023-12-16","CryptoSlam"
"Otherdeed for Otherside","23","66048.9200","2023-12-17","CryptoSlam"
"Otherdeed for Otherside","15","58755.1400","2023-12-18","CryptoSlam"
"Otherdeed for Otherside","21","27577.6500","2023-12-19","CryptoSlam"
"Otherdeed for Otherside","17","21584.4100","2023-12-20","CryptoSlam"
"Otherdeed for Otherside","30","62064.7300","2023-12-21","CryptoSlam"
"Otherdeed for Otherside","21","25047.2300","2023-12-22","CryptoSlam"
"Otherdeed for Otherside","21","42664.0100","2023-12-23","CryptoSlam"
"Otherdeed for Otherside","8","9622.7600","2023-12-24","CryptoSlam"
"CryptoPunks","5","650060.0400","2023-11-25","CryptoSlam"
"CryptoPunks","2","251244.4300","2023-11-26","CryptoSlam"
"CryptoPunks","4","492497.7300","2023-11-27","CryptoSlam"
"CryptoPunks","4","627196.6100","2023-11-28","CryptoSlam"
"CryptoPunks","2","251305.3200","2023-11-29","CryptoSlam"
"CryptoPunks","4","735370.6800","2023-11-30","CryptoSlam"
"CryptoPunks","1","120916.4400","2023-12-01","CryptoSlam"
"CryptoPunks","1","129540.7200","2023-12-02","CryptoSlam"
"CryptoPunks","2","284414.0200","2023-12-03","CryptoSlam"
"CryptoPunks","5","846447.1600","2023-12-04","CryptoSlam"
"CryptoPunks","2","332123.6700","2023-12-05","CryptoSlam"
"CryptoPunks","3","406493.2200","2023-12-06","CryptoSlam"
"CryptoPunks","4","539851.8600","2023-12-07","CryptoSlam"
"CryptoPunks","4","561745.6500","2023-12-08","CryptoSlam"
"CryptoPunks","2","270212.9100","2023-12-09","CryptoSlam"
"CryptoPunks","2","258438.9700","2023-12-10","CryptoSlam"
"CryptoPunks","2","380250.3900","2023-12-11","CryptoSlam"
"CryptoPunks","2","245002.7000","2023-12-12","CryptoSlam"
"CryptoPunks","4","586938.9000","2023-12-13","CryptoSlam"
"CryptoPunks","4","696982.2500","2023-12-14","CryptoSlam"
"CryptoPunks","0","0.0000","2023-12-15","CryptoSlam"
"CryptoPunks","3","434866.1200","2023-12-16","CryptoSlam"
"CryptoPunks","1","117383.9600","2023-12-17","CryptoSlam"
"CryptoPunks","1","112298.3500","2023-12-18","CryptoSlam"
"CryptoPunks","1","127385.6600","2023-12-19","CryptoSlam"
"CryptoPunks","4","340200.1100","2023-12-20","CryptoSlam"
"CryptoPunks","9","1405674.8200","2023-12-21","CryptoSlam"
"CryptoPunks","0","0.0000","2023-12-22","CryptoSlam"
"CryptoPunks","0","0.0000","2023-12-23","CryptoSlam"
"CryptoPunks","1","154400.8300","2023-12-24","CryptoSlam"
