"NFT","Price","Volume","Date","Source"
"Bored Ape Yacht Club","52593.76","1996657.0226","2023-11-21","Binance"
"Bored Ape Yacht Club","51481.29","2251140.4143","2023-11-22","Binance"
"Bored Ape Yacht Club","56685.48","2908417.1388","2023-11-23","Binance"
"Bored Ape Yacht Club","60424.10","6576763.1229","2023-11-24","Binance"
"Bored Ape Yacht Club","62839.68","8257586.0166","2023-11-25","Binance"
"Bored Ape Yacht Club","62393.57","7372813.2320","2023-11-26","Binance"
"Bored Ape Yacht Club","61454.46","6070487.4888","2023-11-27","Binance"
"Bored Ape Yacht Club","60331.47","5692714.4048","2023-11-28","Binance"
"Bored Ape Yacht Club","61960.29","4069784.4285","2023-11-29","Binance"
"Bored Ape Yacht Club","58449.60","9483836.5190","2023-11-30","Binance"
"Bored Ape Yacht Club","60993.94","2878788.2788","2023-12-01","Binance"
"Bored Ape Yacht Club","61908.03","4406957.8146","2023-12-02","Binance"
"Bored Ape Yacht Club","64022.21","4018755.6323","2023-12-03","Binance"
"Bored Ape Yacht Club","67313.13","7725349.2754","2023-12-04","Binance"
"Bored Ape Yacht Club","66813.25","9088385.4267","2023-12-05","Binance"
"Bored Ape Yacht Club","67088.61","7106314.9721","2023-12-06","Binance"
"Bored Ape Yacht Club","67012.67","2851919.7520","2023-12-07","Binance"
"Bored Ape Yacht Club","70538.76","3785144.1972","2023-12-08","Binance"
"Bored Ape Yacht Club","69554.69","2974241.3322","2023-12-09","Binance"
"Bored Ape Yacht Club","70393.50","3646653.0079","2023-12-10","Binance"
"Bored Ape Yacht Club","65472.61","6334503.5031","2023-12-11","Binance"
"Bored Ape Yacht Club","64903.51","2993057.8595","2023-12-12","Binance"
"Bored Ape Yacht Club","64332.19","3064121.9940","2023-12-13","Binance"
"Bored Ape Yacht Club","65228.90","1796187.5437","2023-12-14","Binance"
"Bored Ape Yacht Club","61424.28","772156.1844","2023-12-15","Binance"
"Bored Ape Yacht Club","61208.68","2556225.9334","2023-12-16","Binance"
"Bored Ape Yacht Club","59068.93","3165837.9635","2023-12-17","Binance"
"Bored Ape Yacht Club","57357.66","1520866.6736","2023-12-18","Binance"
"Bored Ape Yacht Club","57318.65","1809638.1817","2023-12-19","Binance"
"Bored Ape Yacht Club","59460.54","514327.8085","2023-12-20","Binance"
"Azuki","11057.26","448017.7015","2023-11-21","Binance"
"Azuki","11148.71","394758.1495","2023-11-22","Binance"
"Azuki","11464.37","595684.6054","2023-11-23","Binance"
"Azuki","11756.81","2833337.9454","2023-11-24","Binance"
"Azuki","13292.61","660554.1816","2023-11-25","Binance"
"Azuki","12693.49","426523.1855","2023-11-26","Binance"
"Azuki","12434.94","493046.6348","2023-11-27","Binance"
"Azuki","12751.89","2115820.9723","2023-11-28","Binance"
"Azuki","13206.57","1598692.6454","2023-11-29","Binance"
"Azuki","11983.24","2477516.5848","2023-11-30","Binance"
"Azuki","12281.44","873472.2713","2023-12-01","Binance"
"Azuki","12264.80","627568.2545","2023-12-02","Binance"
"Azuki","13370.59","1671607.0273","2023-12-03","Binance"
"Azuki","14865.85","1514398.8189","2023-12-04","Binance"
"Azuki","14520.22","1046943.2414","2023-12-05","Binance"
"Azuki","14879.35","935021.4798","2023-12-06","Binance"
"Azuki","14690.99","429595.8068","2023-12-07","Binance"
"Azuki","15513.09","1141979.5800","2023-12-08","Binance"
"Azuki","15176.66","1699301.0506","2023-12-09","Binance"
"Azuki","15337.89","1875347.5178","2023-12-10","Binance"
"Azuki","14597.05","2013872.5951","2023-12-11","Binance"
"Azuki","14627.57","494643.5777","2023-12-12","Binance"
"Azuki","14858.12","335906.9231","2023-12-13","Binance"
"Azuki","15217.64","587691.7266","2023-12-14","Binance"
"Azuki","13979.72","2573833.4058","2023-12-15","Binance"
"Azuki","13930.65","2685676.2748","2023-12-16","Binance"
"Azuki","13860.40","2019528.3417","2023-12-17","Binance"
"Azuki","12339.65","1687621.9023","2023-12-18","Binance"
"Azuki","12434.80","3324657.0996","2023-12-19","Binance"
"Azuki","12632.91","2026058.1916","2023-12-20","Binance"
"Mutant Ape Yacht Club","9920.99","1724280.0035","2023-11-21","Binance"
"Mutant Ape Yacht Club","9819.33","1248025.9781","2023-11-22","Binance"
"Mutant Ape Yacht Club","10727.96","2980387.3189","2023-11-23","Binance"
"Mutant Ape Yacht Club","11552.58","2700055.5393","2023-11-24","Binance"
"Mutant Ape Yacht Club","11671.20","3064923.8431","2023-11-25","Binance"
"Mutant Ape Yacht Club","12002.98","4298937.5336","2023-11-26","Binance"
"Mutant Ape Yacht Club","11698.79","2789752.5080","2023-11-27","Binance"
"Mutant Ape Yacht Club","11555.74","1947899.2384","2023-11-28","Binance"
"Mutant Ape Yacht Club","11320.40","1783427.3503","2023-11-29","Binance"
"Mutant Ape Yacht Club","11438.90","1703252.7747","2023-11-30","Binance"
"Mutant Ape Yacht Club","11536.57","1530685.6824","2023-12-01","Binance"
"Mutant Ape Yacht Club","11826.77","1966596.7992","2023-12-02","Binance"
"Mutant Ape Yacht Club","12222.42","4400020.5230","2023-12-03","Binance"
"Mutant Ape Yacht Club","13096.76","2839060.8116","2023-12-04","Binance"
"Mutant Ape Yacht Club","13004.72","1572358.8834","2023-12-05","Binance"
"Mutant Ape Yacht Club","12825.91","1185345.4172","2023-12-06","Binance"
"Mutant Ape Yacht Club","12707.24","1397484.1036","2023-12-07","Binance"
"Mutant Ape Yacht Club","13169.36","4241404.0797","2023-12-08","Binance"
"Mutant Ape Yacht Club","13128.84","1920111.0134","2023-12-09","Binance"
"Mutant Ape Yacht Club","13009.77","1523762.4706","2023-12-10","Binance"
"Mutant Ape Yacht Club","12591.29","1623994.5111","2023-12-11","Binance"
"Mutant Ape Yacht Club","12194.45","1752875.6112","2023-12-12","Binance"
"Mutant Ape Yacht Club","11985.84","2405543.8922","2023-12-13","Binance"
"Mutant Ape Yacht Club","12159.27","2532681.6234","2023-12-14","Binance"
"Mutant Ape Yacht Club","11811.33","1765008.0839","2023-12-15","Binance"
"Mutant Ape Yacht Club","11711.45","1291356.3572","2023-12-16","Binance"
"Mutant Ape Yacht Club","11383.51","1580428.4219","2023-12-17","Binance"
"Mutant Ape Yacht Club","11193.04","2360069.0622","2023-12-18","Binance"
"Mutant Ape Yacht Club","11087.94","1859086.1971","2023-12-19","Binance"
"Mutant Ape Yacht Club","11329.97","1334261.9668","2023-12-20","Binance"
"Doodles","3728.94","88165.7147","2023-11-21","Binance"
"Doodles","3661.55","173706.3102","2023-11-22","Binance"
"Doodles","3927.70","493813.1169","2023-11-23","Binance"
"Doodles","4572.88","306622.8491","2023-11-24","Binance"
"Doodles","4579.36","502030.4975","2023-11-25","Binance"
"Doodles","4610.23","507051.5590","2023-11-26","Binance"
"Doodles","4494.22","293531.2615","2023-11-27","Binance"
"Doodles","4337.01","387692.7595","2023-11-28","Binance"
"Doodles","4115.14","449953.2904","2023-11-29","Binance"
"Doodles","4021.70","141563.6557","2023-11-30","Binance"
"Doodles","4083.96","313467.0303","2023-12-01","Binance"
"Doodles","4201.32","575560.2773","2023-12-02","Binance"
"Doodles","4472.30","444266.1658","2023-12-03","Binance"
"Doodles","5050.14","374209.8692","2023-12-04","Binance"
"Doodles","4995.36","166552.7091","2023-12-05","Binance"
"Doodles","4815.34","72077.6011","2023-12-06","Binance"
"Doodles","4695.44","165637.0143","2023-12-07","Binance"
"Doodles","4929.96","168756.8473","2023-12-08","Binance"
"Doodles","4817.30","183693.1792","2023-12-09","Binance"
"Doodles","4828.63","202709.2305","2023-12-10","Binance"
"Doodles","4791.17","117741.4718","2023-12-11","Binance"
"Doodles","4555.52","112271.7085","2023-12-12","Binance"
"Doodles","4511.42","77328.2844","2023-12-13","Binance"
"Doodles","4712.24","97968.5053","2023-12-14","Binance"
"Doodles","4679.35","200775.0272","2023-12-15","Binance"
"Doodles","4231.30","169501.9278","2023-12-16","Binance"
"Doodles","4177.38","161966.4973","2023-12-17","Binance"
"Doodles","3860.56","138402.4246","2023-12-18","Binance"
"Doodles","4156.07","82078.0475","2023-12-19","Binance"
"Doodles","4248.74","50378.2141","2023-12-20","Binance"
"Moonbirds","3895.78","87485.0202","2023-11-21","Binance"
"Moonbirds","4058.28","363730.6509","2023-11-22","Binance"
"Moonbirds","4019.87","448606.3053","2023-11-23","Binance"
"Moonbirds","4251.35","753517.4436","2023-11-24","Binance"
"Moonbirds","4389.46","1923060.8585","2023-11-25","Binance"
"Moonbirds","4425.41","1180479.0931","2023-11-26","Binance"
"Moonbirds","4194.62","1034041.3185","2023-11-27","Binance"
"Moonbirds","4111.66","620074.9122","2023-11-28","Binance"
"Moonbirds","4043.70","1074041.4991","2023-11-29","Binance"
"Moonbirds","3974.10","1324500.0387","2023-11-30","Binance"
"Moonbirds","4022.70","2259533.5631","2023-12-01","Binance"
"Moonbirds","4797.88","1281683.2320","2023-12-02","Binance"
"Moonbirds","4670.20","2019464.8017","2023-12-03","Binance"
"Moonbirds","4869.49","1100598.7469","2023-12-04","Binance"
"Moonbirds","4621.47","508324.1085","2023-12-05","Binance"
"Moonbirds","4612.59","372557.3701","2023-12-06","Binance"
"Moonbirds","4284.49","281419.4969","2023-12-07","Binance"
"Moonbirds","4460.44","461802.0253","2023-12-08","Binance"
"Moonbirds","4710.00","402551.4795","2023-12-09","Binance"
"Moonbirds","4684.04","165494.2097","2023-12-10","Binance"
"Moonbirds","4464.42","222549.1420","2023-12-11","Binance"
"Moonbirds","4350.32","142980.7396","2023-12-12","Binance"
"Moonbirds","4176.39","195150.7010","2023-12-13","Binance"
"Moonbirds","4273.63","525680.2455","2023-12-14","Binance"
"Moonbirds","4690.58","154165.5385","2023-12-15","Binance"
"Moonbirds","4565.35","171658.3984","2023-12-16","Binance"
"Moonbirds","4215.86","322598.8257","2023-12-17","Binance"
"Moonbirds","3841.47","557736.8966","2023-12-18","Binance"
"Moonbirds","4031.76","298119.8680","2023-12-19","Binance"
"Moonbirds","3776.72","154624.6914","2023-12-20","Binance"
"Otherdeed for Otherside","1141.17","59174.8122","2023-11-21","Binance"
"Otherdeed for Otherside","1213.99","36599.7795","2023-11-22","Binance"
"Otherdeed for Otherside","1278.81","51073.1793","2023-11-23","Binance"
"Otherdeed for Otherside","1309.77","38920.9684","2023-11-24","Binance"
"Otherdeed for Otherside","1311.07","75319.4166","2023-11-25","Binance"
"Otherdeed for Otherside","1301.15","175959.0370","2023-11-26","Binance"
"Otherdeed for Otherside","1253.44","162053.9305","2023-11-27","Binance"
"Otherdeed for Otherside","1257.80","72945.3161","2023-11-28","Binance"
"Otherdeed for Otherside","1245.04","137147.0954","2023-11-29","Binance"
"Otherdeed for Otherside","1249.28","164754.8828","2023-11-30","Binance"
"Otherdeed for Otherside","1290.33","99434.5931","2023-12-01","Binance"
"Otherdeed for Otherside","1318.24","351330.9098","2023-12-02","Binance"
"Otherdeed for Otherside","1394.97","173532.3486","2023-12-03","Binance"
"Otherdeed for Otherside","1388.90","286171.0460","2023-12-04","Binance"
"Otherdeed for Otherside","1375.16","139891.2813","2023-12-05","Binance"
"Otherdeed for Otherside","1383.85","108393.2437","2023-12-06","Binance"
"Otherdeed for Otherside","1316.12","121090.2435","2023-12-07","Binance"
"Otherdeed for Otherside","1408.63","71978.9887","2023-12-08","Binance"
"Otherdeed for Otherside","1408.33","95212.3280","2023-12-09","Binance"
"Otherdeed for Otherside","1350.57","124366.8362","2023-12-10","Binance"
"Otherdeed for Otherside","1352.87","69419.6415","2023-12-11","Binance"
"Otherdeed for Otherside","1217.49","148452.5831","2023-12-12","Binance"
"Otherdeed for Otherside","1205.06","197445.2188","2023-12-13","Binance"
"Otherdeed for Otherside","1322.58","70153.8243","2023-12-14","Binance"
"Otherdeed for Otherside","1339.94","83607.6206","2023-12-15","Binance"
"Otherdeed for Otherside","1289.43","71331.6143","2023-12-16","Binance"
"Otherdeed for Otherside","1290.43","102430.7662","2023-12-17","Binance"
"Otherdeed for Otherside","1124.85","52145.9227","2023-12-18","Binance"
"Otherdeed for Otherside","1138.31","29439.4190","2023-12-19","Binance"
"Otherdeed for Otherside","1110.42","28321.9124","2023-12-20","Binance"
"Wrapped Cryptopunks","0","214788.2730","2023-11-21","Binance"
"Wrapped Cryptopunks","0","0","2023-11-22","Binance"
"Wrapped Cryptopunks","0","0","2023-11-23","Binance"
"Wrapped Cryptopunks","0","0","2023-11-24","Binance"
"Wrapped Cryptopunks","0","233247.6800","2023-11-25","Binance"
"Wrapped Cryptopunks","0","0","2023-11-26","Binance"
"Wrapped Cryptopunks","0","113085.9480","2023-11-27","Binance"
"Wrapped Cryptopunks","0","118802.9532","2023-11-28","Binance"
"Wrapped Cryptopunks","0","119103.9213","2023-11-29","Binance"
"Wrapped Cryptopunks","0","340499.7968","2023-11-30","Binance"
"Wrapped Cryptopunks","0","0","2023-12-01","Binance"
"Wrapped Cryptopunks","0","0","2023-12-02","Binance"
"Wrapped Cryptopunks","0","120918.0000","2023-12-03","Binance"
"Wrapped Cryptopunks","0","131187.2430","2023-12-04","Binance"
"Wrapped Cryptopunks","0","0","2023-12-05","Binance"
"Wrapped Cryptopunks","0","508883.7623","2023-12-06","Binance"
"Wrapped Cryptopunks","0","0","2023-12-07","Binance"
"Wrapped Cryptopunks","0","0","2023-12-08","Binance"
"Wrapped Cryptopunks","0","0","2023-12-09","Binance"
"Wrapped Cryptopunks","0","267669.4624","2023-12-10","Binance"
"Wrapped Cryptopunks","0","361879.4395","2023-12-11","Binance"
"Wrapped Cryptopunks","0","0","2023-12-12","Binance"
"Wrapped Cryptopunks","0","238123.1986","2023-12-13","Binance"
"Wrapped Cryptopunks","0","0","2023-12-14","Binance"
"Wrapped Cryptopunks","0","0","2023-12-15","Binance"
"Wrapped Cryptopunks","0","120011.6463","2023-12-16","Binance"
"Wrapped Cryptopunks","0","115471.2552","2023-12-17","Binance"
"Wrapped Cryptopunks","0","114378.1740","2023-12-18","Binance"
"Wrapped Cryptopunks","0","116334.4000","2023-12-19","Binance"
"Wrapped Cryptopunks","0","0","2023-12-20","Binance"
"CryptoPunks","8233.15","0","2023-11-21","Binance"
"CryptoPunks","7972.65","22471.8915","2023-11-22","Binance"
"CryptoPunks","8553.83","0","2023-11-23","Binance"
"CryptoPunks","8561.28","24263.3300","2023-11-24","Binance"
"CryptoPunks","8322.16","40630.9469","2023-11-25","Binance"
"CryptoPunks","8269.49","0","2023-11-26","Binance"
"CryptoPunks","7699.71","38583.8935","2023-11-27","Binance"
"CryptoPunks","7788.35","79385.9881","2023-11-28","Binance"
"CryptoPunks","8488.04","23689.5720","2023-11-29","Binance"
"CryptoPunks","8604.64","0","2023-11-30","Binance"
"CryptoPunks","8335.36","32951.4486","2023-12-01","Binance"
"CryptoPunks","8864.86","33640.5865","2023-12-02","Binance"
"CryptoPunks","9155.65","17318.2254","2023-12-03","Binance"
"CryptoPunks","8915.40","8304.2250","2023-12-04","Binance"
"CryptoPunks","8521.12","44978.3585","2023-12-05","Binance"
"CryptoPunks","8548.36","43054.7985","2023-12-06","Binance"
"CryptoPunks","8404.39","25135.6892","2023-12-07","Binance"
"CryptoPunks","8903.56","37825.3450","2023-12-08","Binance"
"CryptoPunks","8826.16","55236.3904","2023-12-09","Binance"
"CryptoPunks","9407.46","0","2023-12-10","Binance"
"CryptoPunks","8760.68","43900.5501","2023-12-11","Binance"
"CryptoPunks","8867.60","18676.8384","2023-12-12","Binance"
"CryptoPunks","8854.40","9130.4415","2023-12-13","Binance"
"CryptoPunks","9222.05","25281.8794","2023-12-14","Binance"
"CryptoPunks","8957.47","8278.5280","2023-12-15","Binance"
"CryptoPunks","8880.82","17181.4006","2023-12-16","Binance"
"CryptoPunks","8430.72","25375.7456","2023-12-17","Binance"
"CryptoPunks","8503.49","32128.9865","2023-12-18","Binance"
"CryptoPunks","8514.34","49164.6516","2023-12-19","Binance"
"CryptoPunks","8628.21","17832.9879","2023-12-20","Binance"
