NFT,Sales,Volume,Date,Source
Bored Ape Yacht Club,17,1146361.48,2023-11-18,CryptoSlam
Bored Ape Yacht Club,12,599174.12,2023-11-19,CryptoSlam
Bored Ape Yacht Club,25,1706020.68,2023-11-20,CryptoSlam
Bored Ape Yacht Club,20,1501808.03,2023-11-21,CryptoSlam
Bored Ape Yacht Club,31,1032853.28,2023-11-22,CryptoSlam
Bored Ape Yacht Club,28,1170442,2023-11-23,CryptoSlam
Bored Ape Yacht Club,34,1278176.61,2023-11-24,CryptoSlam
Bored Ape Yacht Club,52,1834727.88,2023-11-25,CryptoSlam
Bored Ape Yacht Club,51,1012372.63,2023-11-26,CryptoSlam
Bored Ape Yacht Club,43,1178190.45,2023-11-27,CryptoSlam
Bored Ape Yacht Club,26,1485236.61,2023-11-28,CryptoSlam
Bored Ape Yacht Club,28,649643.1,2023-11-29,CryptoSlam
Bored Ape Yacht Club,34,1959561.52,2023-11-30,CryptoSlam
Bored Ape Yacht Club,22,1850381.74,2023-12-01,CryptoSlam
Bored Ape Yacht Club,33,675157.06,2023-12-02,CryptoSlam
Bored Ape Yacht Club,28,972201.69,2023-12-03,CryptoSlam
Bored Ape Yacht Club,40,2061450.64,2023-12-04,CryptoSlam
Bored Ape Yacht Club,36,812883.52,2023-12-05,CryptoSlam
Bored Ape Yacht Club,38,675509.91,2023-12-06,CryptoSlam
Bored Ape Yacht Club,25,811200.64,2023-12-07,CryptoSlam
Bored Ape Yacht Club,25,618722.3,2023-12-08,CryptoSlam
Bored Ape Yacht Club,14,314474.58,2023-12-09,CryptoSlam
Bored Ape Yacht Club,26,459792.38,2023-12-10,CryptoSlam
Bored Ape Yacht Club,27,327590.55,2023-12-11,CryptoSlam
Bored Ape Yacht Club,24,493651.35,2023-12-12,CryptoSlam
Bored Ape Yacht Club,21,564195.97,2023-12-13,CryptoSlam
Bored Ape Yacht Club,23,709310.64,2023-12-14,CryptoSlam
Bored Ape Yacht Club,11,341435.76,2023-12-15,CryptoSlam
Bored Ape Yacht Club,21,846002.76,2023-12-16,CryptoSlam
Bored Ape Yacht Club,16,411090.9,2023-12-17,CryptoSlam
Azuki,16,45657.08,2023-11-18,CryptoSlam
Azuki,17,71950.79,2023-11-19,CryptoSlam
Azuki,43,396525.3,2023-11-20,CryptoSlam
Azuki,30,310367.43,2023-11-21,CryptoSlam
Azuki,27,87497.46,2023-11-22,CryptoSlam
Azuki,37,222290.59,2023-11-23,CryptoSlam
Azuki,68,467336.18,2023-11-24,CryptoSlam
Azuki,42,469145.22,2023-11-25,CryptoSlam
Azuki,26,141188.59,2023-11-26,CryptoSlam
Azuki,22,191415.61,2023-11-27,CryptoSlam
Azuki,42,193673.79,2023-11-28,CryptoSlam
Azuki,27,133589.04,2023-11-29,CryptoSlam
Azuki,52,367856.25,2023-11-30,CryptoSlam
Azuki,36,151284.12,2023-12-01,CryptoSlam
Azuki,36,419531.84,2023-12-02,CryptoSlam
Azuki,70,1100797.42,2023-12-03,CryptoSlam
Azuki,44,331093.73,2023-12-04,CryptoSlam
Azuki,32,449029.74,2023-12-05,CryptoSlam
Azuki,34,303345.16,2023-12-06,CryptoSlam
Azuki,19,74092.2,2023-12-07,CryptoSlam
Azuki,26,62259.2,2023-12-08,CryptoSlam
Azuki,24,297912.66,2023-12-09,CryptoSlam
Azuki,35,375686.46,2023-12-10,CryptoSlam
Azuki,45,393189.45,2023-12-11,CryptoSlam
Azuki,25,153022.02,2023-12-12,CryptoSlam
Azuki,14,108022.32,2023-12-13,CryptoSlam
Azuki,20,43887.16,2023-12-14,CryptoSlam
Azuki,35,409509.9,2023-12-15,CryptoSlam
Azuki,36,360977.46,2023-12-16,CryptoSlam
Azuki,22,126918,2023-12-17,CryptoSlam
Mutant Ape Yacht Club,45,434990.45,2023-11-18,CryptoSlam
Mutant Ape Yacht Club,53,494751.34,2023-11-19,CryptoSlam
Mutant Ape Yacht Club,75,629873.97,2023-11-20,CryptoSlam
Mutant Ape Yacht Club,84,1161145.78,2023-11-21,CryptoSlam
Mutant Ape Yacht Club,81,612193.57,2023-11-22,CryptoSlam
Mutant Ape Yacht Club,113,602951.99,2023-11-23,CryptoSlam
Mutant Ape Yacht Club,94,801541.08,2023-11-24,CryptoSlam
Mutant Ape Yacht Club,104,553868.49,2023-11-25,CryptoSlam
Mutant Ape Yacht Club,78,495913.98,2023-11-26,CryptoSlam
Mutant Ape Yacht Club,65,428046.53,2023-11-27,CryptoSlam
Mutant Ape Yacht Club,58,338779.89,2023-11-28,CryptoSlam
Mutant Ape Yacht Club,60,949087.95,2023-11-29,CryptoSlam
Mutant Ape Yacht Club,57,316405.55,2023-11-30,CryptoSlam
Mutant Ape Yacht Club,62,795914.89,2023-12-01,CryptoSlam
Mutant Ape Yacht Club,59,744793.95,2023-12-02,CryptoSlam
Mutant Ape Yacht Club,119,961976.47,2023-12-03,CryptoSlam
Mutant Ape Yacht Club,68,481089.22,2023-12-04,CryptoSlam
Mutant Ape Yacht Club,64,500418.88,2023-12-05,CryptoSlam
Mutant Ape Yacht Club,54,476283,2023-12-06,CryptoSlam
Mutant Ape Yacht Club,66,450125.2,2023-12-07,CryptoSlam
Mutant Ape Yacht Club,69,812690.21,2023-12-08,CryptoSlam
Mutant Ape Yacht Club,57,239796.85,2023-12-09,CryptoSlam
Mutant Ape Yacht Club,58,253436.68,2023-12-10,CryptoSlam
Mutant Ape Yacht Club,69,557513.8,2023-12-11,CryptoSlam
Mutant Ape Yacht Club,52,661498.93,2023-12-12,CryptoSlam
Mutant Ape Yacht Club,70,687110.59,2023-12-13,CryptoSlam
Mutant Ape Yacht Club,63,229377.14,2023-12-14,CryptoSlam
Mutant Ape Yacht Club,52,265477.52,2023-12-15,CryptoSlam
Mutant Ape Yacht Club,63,309508.74,2023-12-16,CryptoSlam
Mutant Ape Yacht Club,25,164453.86,2023-12-17,CryptoSlam
Doodles,16,64270.57,2023-11-18,CryptoSlam
Doodles,15,61717.43,2023-11-19,CryptoSlam
Doodles,18,67136.6,2023-11-20,CryptoSlam
Doodles,23,96660.39,2023-11-21,CryptoSlam
Doodles,32,150788.03,2023-11-22,CryptoSlam
Doodles,49,264778.31,2023-11-23,CryptoSlam
Doodles,38,206159.96,2023-11-24,CryptoSlam
Doodles,39,233495.17,2023-11-25,CryptoSlam
Doodles,24,156531.69,2023-11-26,CryptoSlam
Doodles,31,148355.09,2023-11-27,CryptoSlam
Doodles,37,188156.09,2023-11-28,CryptoSlam
Doodles,42,220193.38,2023-11-29,CryptoSlam
Doodles,20,80751.67,2023-11-30,CryptoSlam
Doodles,29,140876.93,2023-12-01,CryptoSlam
Doodles,35,175029.9,2023-12-02,CryptoSlam
Doodles,53,357399.67,2023-12-03,CryptoSlam
Doodles,37,261568.19,2023-12-04,CryptoSlam
Doodles,23,108895,2023-12-05,CryptoSlam
Doodles,12,57897.61,2023-12-06,CryptoSlam
Doodles,17,103236.21,2023-12-07,CryptoSlam
Doodles,23,122313.27,2023-12-08,CryptoSlam
Doodles,16,93295.67,2023-12-09,CryptoSlam
Doodles,24,115953.96,2023-12-10,CryptoSlam
Doodles,21,115245.01,2023-12-11,CryptoSlam
Doodles,15,79348.71,2023-12-12,CryptoSlam
Doodles,17,71220.7,2023-12-13,CryptoSlam
Doodles,15,65513.72,2023-12-14,CryptoSlam
Doodles,16,82726.9,2023-12-15,CryptoSlam
Doodles,20,91735.01,2023-12-16,CryptoSlam
Doodles,7,33649.66,2023-12-17,CryptoSlam
Moonbirds,26,150653.06,2023-11-18,CryptoSlam
Moonbirds,25,116548.17,2023-11-19,CryptoSlam
Moonbirds,24,114555.55,2023-11-20,CryptoSlam
Moonbirds,18,67566.99,2023-11-21,CryptoSlam
Moonbirds,49,214284.05,2023-11-22,CryptoSlam
Moonbirds,63,190227.24,2023-11-23,CryptoSlam
Moonbirds,55,249083.36,2023-11-24,CryptoSlam
Moonbirds,70,527370.71,2023-11-25,CryptoSlam
Moonbirds,52,306230.2,2023-11-26,CryptoSlam
Moonbirds,52,203809.46,2023-11-27,CryptoSlam
Moonbirds,55,153279.05,2023-11-28,CryptoSlam
Moonbirds,67,159250.55,2023-11-29,CryptoSlam
Moonbirds,72,149558.34,2023-11-30,CryptoSlam
Moonbirds,180,220189.61,2023-12-01,CryptoSlam
Moonbirds,71,158701.06,2023-12-02,CryptoSlam
Moonbirds,74,283625.06,2023-12-03,CryptoSlam
Moonbirds,54,239007.59,2023-12-04,CryptoSlam
Moonbirds,33,134108.03,2023-12-05,CryptoSlam
Moonbirds,34,116059.57,2023-12-06,CryptoSlam
Moonbirds,36,97135.15,2023-12-07,CryptoSlam
Moonbirds,44,142211.06,2023-12-08,CryptoSlam
Moonbirds,54,87810.51,2023-12-09,CryptoSlam
Moonbirds,29,105532.41,2023-12-10,CryptoSlam
Moonbirds,27,139907.79,2023-12-11,CryptoSlam
Moonbirds,20,108376.42,2023-12-12,CryptoSlam
Moonbirds,31,104751.81,2023-12-13,CryptoSlam
Moonbirds,69,375507.05,2023-12-14,CryptoSlam
Moonbirds,26,120247.13,2023-12-15,CryptoSlam
Moonbirds,24,92199.42,2023-12-16,CryptoSlam
Moonbirds,3,4324.82,2023-12-17,CryptoSlam
Otherdeed for Otherside,18,23603.3,2023-11-18,CryptoSlam
Otherdeed for Otherside,38,75793.51,2023-11-19,CryptoSlam
Otherdeed for Otherside,28,55046.22,2023-11-20,CryptoSlam
Otherdeed for Otherside,37,62224.72,2023-11-21,CryptoSlam
Otherdeed for Otherside,25,154300.26,2023-11-22,CryptoSlam
Otherdeed for Otherside,23,26282.11,2023-11-23,CryptoSlam
Otherdeed for Otherside,25,25654.81,2023-11-24,CryptoSlam
Otherdeed for Otherside,32,47529.73,2023-11-25,CryptoSlam
Otherdeed for Otherside,35,137982.29,2023-11-26,CryptoSlam
Otherdeed for Otherside,40,89074.16,2023-11-27,CryptoSlam
Otherdeed for Otherside,34,51679.43,2023-11-28,CryptoSlam
Otherdeed for Otherside,38,90431.04,2023-11-29,CryptoSlam
Otherdeed for Otherside,44,137765.29,2023-11-30,CryptoSlam
Otherdeed for Otherside,21,36998.56,2023-12-01,CryptoSlam
Otherdeed for Otherside,68,98102.32,2023-12-02,CryptoSlam
Otherdeed for Otherside,39,108865.07,2023-12-03,CryptoSlam
Otherdeed for Otherside,25,229331.12,2023-12-04,CryptoSlam
Otherdeed for Otherside,32,82600.36,2023-12-05,CryptoSlam
Otherdeed for Otherside,31,62626.61,2023-12-06,CryptoSlam
Otherdeed for Otherside,42,108529.82,2023-12-07,CryptoSlam
Otherdeed for Otherside,28,69053.25,2023-12-08,CryptoSlam
Otherdeed for Otherside,31,83801.4,2023-12-09,CryptoSlam
Otherdeed for Otherside,24,81385.21,2023-12-10,CryptoSlam
Otherdeed for Otherside,17,59499.98,2023-12-11,CryptoSlam
Otherdeed for Otherside,34,115478.08,2023-12-12,CryptoSlam
Otherdeed for Otherside,38,165566.67,2023-12-13,CryptoSlam
Otherdeed for Otherside,28,72555.88,2023-12-14,CryptoSlam
Otherdeed for Otherside,16,49543.98,2023-12-15,CryptoSlam
Otherdeed for Otherside,21,63715.62,2023-12-16,CryptoSlam
Otherdeed for Otherside,16,42019.15,2023-12-17,CryptoSlam
CryptoPunks,4,460325.95,2023-11-18,CryptoSlam
CryptoPunks,2,221487.92,2023-11-19,CryptoSlam
CryptoPunks,1,134638.64,2023-11-20,CryptoSlam
CryptoPunks,1,114558.69,2023-11-21,CryptoSlam
CryptoPunks,1,146533.2,2023-11-22,CryptoSlam
CryptoPunks,6,723372.8,2023-11-23,CryptoSlam
CryptoPunks,0,0,2023-11-24,CryptoSlam
CryptoPunks,5,650060.04,2023-11-25,CryptoSlam
CryptoPunks,2,251244.43,2023-11-26,CryptoSlam
CryptoPunks,4,492497.73,2023-11-27,CryptoSlam
CryptoPunks,4,627196.61,2023-11-28,CryptoSlam
CryptoPunks,2,251305.32,2023-11-29,CryptoSlam
CryptoPunks,4,735370.68,2023-11-30,CryptoSlam
CryptoPunks,1,120916.44,2023-12-01,CryptoSlam
CryptoPunks,1,129540.72,2023-12-02,CryptoSlam
CryptoPunks,2,284414.02,2023-12-03,CryptoSlam
CryptoPunks,5,846447.16,2023-12-04,CryptoSlam
CryptoPunks,2,332123.67,2023-12-05,CryptoSlam
CryptoPunks,3,406493.22,2023-12-06,CryptoSlam
CryptoPunks,4,539851.86,2023-12-07,CryptoSlam
CryptoPunks,4,561745.65,2023-12-08,CryptoSlam
CryptoPunks,2,270212.91,2023-12-09,CryptoSlam
CryptoPunks,2,258438.97,2023-12-10,CryptoSlam
CryptoPunks,2,380250.39,2023-12-11,CryptoSlam
CryptoPunks,2,245002.7,2023-12-12,CryptoSlam
CryptoPunks,4,586938.9,2023-12-13,CryptoSlam
CryptoPunks,4,696982.25,2023-12-14,CryptoSlam
CryptoPunks,0,0,2023-12-15,CryptoSlam
CryptoPunks,3,434866.12,2023-12-16,CryptoSlam
CryptoPunks,0,0,2023-12-17,CryptoSlam
