NFT,Price,Volume,Date,Source
Azuki,11469.4857464892,713096.68453527,2023-11-21,CoinGecko
Azuki,10558.0013118151,452845.761763106,2023-11-22,CoinGecko
Azuki,11305.0006687396,403018.025814289,2023-11-23,CoinGecko
Azuki,11749.3800395855,837155.932624463,2023-11-24,CoinGecko
Azuki,12972.8438112419,3099098.65177196,2023-11-25,CoinGecko
Azuki,13403.4203628335,728231.334749373,2023-11-26,CoinGecko
Azuki,12645.4560779608,476052.932928177,2023-11-27,CoinGecko
Azuki,12478.8407568671,581454.77036614,2023-11-28,CoinGecko
Azuki,12585.324024493,2329001.23561373,2023-11-29,CoinGecko
Azuki,12082.3770481172,1616934.57605348,2023-11-30,CoinGecko
Azuki,11863.6513368144,2822908.83439456,2023-12-01,CoinGecko
Azuki,12273.8606667844,1096011.27523586,2023-12-02,CoinGecko
Azuki,12996.2712896886,939636.288059824,2023-12-03,CoinGecko
Azuki,14603.0970708486,2262269.50561135,2023-12-04,CoinGecko
Azuki,14835.4244763032,1916776.59012031,2023-12-05,CoinGecko
Azuki,14891.0020826321,1199943.14362771,2023-12-06,CoinGecko
Azuki,14223.5920380552,962763.312977917,2023-12-07,CoinGecko
Azuki,15084.591440893,607197.108347065,2023-12-08,CoinGecko
Azuki,14991.9704621231,1238189.31590161,2023-12-09,CoinGecko
Azuki,14858.1861518131,1817694.63180697,2023-12-10,CoinGecko
Azuki,14651.4786781579,1747567.58767977,2023-12-11,CoinGecko
Azuki,14196.7119931441,2063535.02018485,2023-12-12,CoinGecko
Azuki,14724.1513979927,781383.900965512,2023-12-13,CoinGecko
Azuki,14675.5481450564,375921.695039442,2023-12-14,CoinGecko
Azuki,14936.9800392616,656105.34243578,2023-12-15,CoinGecko
Azuki,13512.1511651862,2621394.79798408,2023-12-16,CoinGecko
Azuki,13470.4369124619,2840456.97403006,2023-12-17,CoinGecko
Azuki,12850.699468119,1969251.30117983,2023-12-18,CoinGecko
Azuki,12524.9536130741,1820428.87895027,2023-12-19,CoinGecko
Azuki,12434.4118819053,3592586.62372263,2023-12-20,CoinGecko
Bored Ape Yacht Club,57421.9619261265,1654713.59020286,2023-11-21,CoinGecko
Bored Ape Yacht Club,51263.0036063382,2137030.42612452,2023-11-22,CoinGecko
Bored Ape Yacht Club,56327.6821351177,3013091.77129062,2023-11-23,CoinGecko
Bored Ape Yacht Club,60209.3922517483,4256976.79133451,2023-11-24,CoinGecko
Bored Ape Yacht Club,62457.1497665287,7638659.5811996,2023-11-25,CoinGecko
Bored Ape Yacht Club,63467.8864296929,9291745.68383462,2023-11-26,CoinGecko
Bored Ape Yacht Club,61656.974330898,7208825.90161205,2023-11-27,CoinGecko
Bored Ape Yacht Club,60526.9467764184,7150722.29033594,2023-11-28,CoinGecko
Bored Ape Yacht Club,60904.491274172,7688522.1964294,2023-11-29,CoinGecko
Bored Ape Yacht Club,59561.127715172,4147662.41084834,2023-11-30,CoinGecko
Bored Ape Yacht Club,58702.3936073226,9809494.75463297,2023-12-01,CoinGecko
Bored Ape Yacht Club,60769.2956073167,3542738.50682495,2023-12-02,CoinGecko
Bored Ape Yacht Club,64071.3047120206,4788772.29680981,2023-12-03,CoinGecko
Bored Ape Yacht Club,66553.8220202235,4606569.36748721,2023-12-04,CoinGecko
Bored Ape Yacht Club,67915.3040921747,8942496.23654214,2023-12-05,CoinGecko
Bored Ape Yacht Club,68840.4139392598,10286001.5404338,2023-12-06,CoinGecko
Bored Ape Yacht Club,65583.2165507688,7179463.75471557,2023-12-07,CoinGecko
Bored Ape Yacht Club,70110.6204258468,3258365.66686405,2023-12-08,CoinGecko
Bored Ape Yacht Club,70657.4058894594,4548923.54839516,2023-12-09,CoinGecko
Bored Ape Yacht Club,68985.0236255831,3301033.99877344,2023-12-10,CoinGecko
Bored Ape Yacht Club,68937.0732818697,3647474.00628492,2023-12-11,CoinGecko
Bored Ape Yacht Club,65161.1836994563,7461104.56749598,2023-12-12,CoinGecko
Bored Ape Yacht Club,64137.7667580266,3117389.90795624,2023-12-13,CoinGecko
Bored Ape Yacht Club,63168.6535473269,3246423.75638361,2023-12-14,CoinGecko
Bored Ape Yacht Club,64257.4766205701,1956535.34113146,2023-12-15,CoinGecko
Bored Ape Yacht Club,60933.8141907394,802150.298110584,2023-12-16,CoinGecko
Bored Ape Yacht Club,59474.7757262685,2473569.58064897,2023-12-17,CoinGecko
Bored Ape Yacht Club,58155.3440181641,3475452.69240079,2023-12-18,CoinGecko
Bored Ape Yacht Club,57565.3896835274,1727969.5967711,2023-12-19,CoinGecko
Bored Ape Yacht Club,56938.1191276759,1791830.11041918,2023-12-20,CoinGecko
Mutant Ape Yacht Club,10754.8249135551,1034255.29718926,2023-11-21,CoinGecko
Mutant Ape Yacht Club,9643.842711265,1612040.2002402,2023-11-22,CoinGecko
Mutant Ape Yacht Club,10711.9749087138,1381870.70385492,2023-11-23,CoinGecko
Mutant Ape Yacht Club,11355.0644578822,3391271.75913904,2023-11-24,CoinGecko
Mutant Ape Yacht Club,11738.5024510847,3197355.52947701,2023-11-25,CoinGecko
Mutant Ape Yacht Club,12210.4315838507,3844914.75573639,2023-11-26,CoinGecko
Mutant Ape Yacht Club,11905.5343494311,4512080.18403408,2023-11-27,CoinGecko
Mutant Ape Yacht Club,11590.0764998166,2982934.97064406,2023-11-28,CoinGecko
Mutant Ape Yacht Club,11609.0063860557,2093524.68791786,2023-11-29,CoinGecko
Mutant Ape Yacht Club,11302.5178234268,1877727.25055953,2023-11-30,CoinGecko
Mutant Ape Yacht Club,11257.997969557,1770724.56755567,2023-12-01,CoinGecko
Mutant Ape Yacht Club,11633.3195011582,1717287.24392063,2023-12-02,CoinGecko
Mutant Ape Yacht Club,12192.4573687522,2290919.85316735,2023-12-03,CoinGecko
Mutant Ape Yacht Club,12954.8550580556,5389682.79965413,2023-12-04,CoinGecko
Mutant Ape Yacht Club,13085.2831428278,3026663.16635404,2023-12-05,CoinGecko
Mutant Ape Yacht Club,13276.4055170468,1730818.1996134,2023-12-06,CoinGecko
Mutant Ape Yacht Club,12616.6989255499,1093157.5780699,2023-12-07,CoinGecko
Mutant Ape Yacht Club,13528.6242254902,1623664.28674262,2023-12-08,CoinGecko
Mutant Ape Yacht Club,13108.0333868666,4422816.35604688,2023-12-09,CoinGecko
Mutant Ape Yacht Club,12918.722402916,2175088.56256954,2023-12-10,CoinGecko
Mutant Ape Yacht Club,13016.7985392526,1616890.97358076,2023-12-11,CoinGecko
Mutant Ape Yacht Club,12466.5490741602,2219655.77366866,2023-12-12,CoinGecko
Mutant Ape Yacht Club,12099.3668156984,1797698.57183986,2023-12-13,CoinGecko
Mutant Ape Yacht Club,12093.3197755336,2692437.10127283,2023-12-14,CoinGecko
Mutant Ape Yacht Club,12194.5158761569,2845676.60552872,2023-12-15,CoinGecko
Mutant Ape Yacht Club,11637.0086367423,1915825.44453461,2023-12-16,CoinGecko
Mutant Ape Yacht Club,11755.1163484891,1315623.34033418,2023-12-17,CoinGecko
Mutant Ape Yacht Club,11308.9887320284,1649989.87295243,2023-12-18,CoinGecko
Mutant Ape Yacht Club,11147.7209691215,2350447.37002734,2023-12-19,CoinGecko
Mutant Ape Yacht Club,11108.3222425775,1886018.85763265,2023-12-20,CoinGecko
Doodles,3929.08872785841,55415.0692899801,2023-11-21,CoinGecko
Doodles,3669.88916353861,71049.9271756292,2023-11-22,CoinGecko
Doodles,3813.16726231588,178952.507178924,2023-11-23,CoinGecko
Doodles,4584.64104546823,517784.386637316,2023-11-24,CoinGecko
Doodles,4474.75360317242,296560.866580812,2023-11-25,CoinGecko
Doodles,4697.01524773326,516674.995029842,2023-11-26,CoinGecko
Doodles,4636.19738291344,488659.143957282,2023-11-27,CoinGecko
Doodles,4461.12360331648,275955.954150613,2023-11-28,CoinGecko
Doodles,4351.21886817696,375496.947655162,2023-11-29,CoinGecko
Doodles,4047.14591912215,454586.452195572,2023-11-30,CoinGecko
Doodles,4090.5833199573,134658.39534164,2023-12-01,CoinGecko
Doodles,4276.49142559181,296184.512041566,2023-12-02,CoinGecko
Doodles,4513.84076297811,601996.088574585,2023-12-03,CoinGecko
Doodles,5106.29872353559,564156.653429605,2023-12-04,CoinGecko
Doodles,4859.2474997557,358956.226477155,2023-12-05,CoinGecko
Doodles,4830.69013782049,171217.738501429,2023-12-06,CoinGecko
Doodles,4668.65401885604,57066.8098974447,2023-12-07,CoinGecko
Doodles,4815.76329602772,156080.262924985,2023-12-08,CoinGecko
Doodles,4743.6402753314,164353.277920418,2023-12-09,CoinGecko
Doodles,4755.8364099165,182040.436063293,2023-12-10,CoinGecko
Doodles,4896.9758061253,203714.122822703,2023-12-11,CoinGecko
Doodles,4636.35284257981,117011.190343698,2023-12-12,CoinGecko
Doodles,4578.18458837176,106874.585380743,2023-12-13,CoinGecko
Doodles,4677.56633695164,65900.2518729849,2023-12-14,CoinGecko
Doodles,4797.31031757069,85799.8450295243,2023-12-15,CoinGecko
Doodles,4401.50639970082,230630.137648812,2023-12-16,CoinGecko
Doodles,4224.89031647556,164297.074578399,2023-12-17,CoinGecko
Doodles,4031.47695105376,142548.418855019,2023-12-18,CoinGecko
Doodles,4144.68680435633,141178.559498176,2023-12-19,CoinGecko
Doodles,4074.08000745799,81957.7289564007,2023-12-20,CoinGecko
Moonbirds,4349.41638008933,106001.529243235,2023-11-21,CoinGecko
Moonbirds,3980.78224105238,92826.4617633234,2023-11-22,CoinGecko
Moonbirds,4060.03376506599,340215.897015433,2023-11-23,CoinGecko
Moonbirds,4375.08697489195,522849.616581477,2023-11-24,CoinGecko
Moonbirds,4250.10334896798,791595.045883102,2023-11-25,CoinGecko
Moonbirds,4525.67878339195,2042027.09076563,2023-11-26,CoinGecko
Moonbirds,4409.64532922523,1155700.09637783,2023-11-27,CoinGecko
Moonbirds,4137.67724392656,1018855.46498838,2023-11-28,CoinGecko
Moonbirds,4262.45659820478,768272.812753445,2023-11-29,CoinGecko
Moonbirds,4069.98854606499,1096628.140699,2023-11-30,CoinGecko
Moonbirds,3920.73778389269,1482878.05214288,2023-12-01,CoinGecko
Moonbirds,4793.97546887982,2880895.19956184,2023-12-02,CoinGecko
Moonbirds,4786.18662884886,1537930.25786006,2023-12-03,CoinGecko
Moonbirds,4867.12397204245,2418631.9357794,2023-12-04,CoinGecko
Moonbirds,4700.51043041541,1078232.72679541,2023-12-05,CoinGecko
Moonbirds,4614.18705307477,537742.837827083,2023-12-06,CoinGecko
Moonbirds,4339.79064358473,328368.52469111,2023-12-07,CoinGecko
Moonbirds,4514.49255283697,297135.017014549,2023-12-08,CoinGecko
Moonbirds,4665.73872817897,474764.770897853,2023-12-09,CoinGecko
Moonbirds,4680.24899255271,483992.458792633,2023-12-10,CoinGecko
Moonbirds,4586.40348500254,161113.173264142,2023-12-11,CoinGecko
Moonbirds,4315.63902670307,220507.234045859,2023-12-12,CoinGecko
Moonbirds,4151.97030993757,117721.524909062,2023-12-13,CoinGecko
Moonbirds,4283.30501873497,195527.260178645,2023-12-14,CoinGecko
Moonbirds,4926.95859103446,550309.909741099,2023-12-15,CoinGecko
Moonbirds,4434.40907791967,141878.89405879,2023-12-16,CoinGecko
Moonbirds,4559.08316747851,144745.49077346,2023-12-17,CoinGecko
Moonbirds,4062.14202767474,315713.801401395,2023-12-18,CoinGecko
Moonbirds,4053.18515924768,639530.939210234,2023-12-19,CoinGecko
Moonbirds,3823.18467439171,280842.110575342,2023-12-20,CoinGecko
Otherdeed for Otherside,1143.82852039774,65107.6360648261,2023-11-21,CoinGecko
Otherdeed for Otherside,1184.71508680457,70811.5286758541,2023-11-22,CoinGecko
Otherdeed for Otherside,1282.74842511296,36268.760701507,2023-11-23,CoinGecko
Otherdeed for Otherside,1265.27247281655,46325.35751049,2023-11-24,CoinGecko
Otherdeed for Otherside,1331.41785127967,58260.1208179967,2023-11-25,CoinGecko
Otherdeed for Otherside,1319.10613499435,71510.8285246242,2023-11-26,CoinGecko
Otherdeed for Otherside,1289.1537956094,174605.420361117,2023-11-27,CoinGecko
Otherdeed for Otherside,1262.7437699662,171318.310432823,2023-11-28,CoinGecko
Otherdeed for Otherside,1270.6503275699,74575.0122037134,2023-11-29,CoinGecko
Otherdeed for Otherside,1245.21307045296,125184.991500911,2023-11-30,CoinGecko
Otherdeed for Otherside,1232.71106056591,168000.231397729,2023-12-01,CoinGecko
Otherdeed for Otherside,1285.46119818384,102736.600020033,2023-12-02,CoinGecko
Otherdeed for Otherside,1327.36399076729,374908.852488439,2023-12-03,CoinGecko
Otherdeed for Otherside,1371.70625225578,218137.505504526,2023-12-04,CoinGecko
Otherdeed for Otherside,1381.90375085037,287164.218352307,2023-12-05,CoinGecko
Otherdeed for Otherside,1380.37314682663,119219.504254608,2023-12-06,CoinGecko
Otherdeed for Otherside,1329.45889793954,94394.2073145057,2023-12-07,CoinGecko
Otherdeed for Otherside,1390.19185481027,77031.5928642501,2023-12-08,CoinGecko
Otherdeed for Otherside,1377.60268072454,68982.7674391034,2023-12-09,CoinGecko
Otherdeed for Otherside,1343.52475910553,89546.6816263228,2023-12-10,CoinGecko
Otherdeed for Otherside,1400.96312142503,59915.168306593,2023-12-11,CoinGecko
Otherdeed for Otherside,1337.77669997629,64813.5469080781,2023-12-12,CoinGecko
Otherdeed for Otherside,1224.72250533232,133813.492462967,2023-12-13,CoinGecko
Otherdeed for Otherside,1323.86811348398,184134.475296568,2023-12-14,CoinGecko
Otherdeed for Otherside,1334.50325141055,44696.3143607167,2023-12-15,CoinGecko
Otherdeed for Otherside,1254.67662865191,81015.7981737397,2023-12-16,CoinGecko
Otherdeed for Otherside,1264.90183233441,45663.8770431785,2023-12-17,CoinGecko
Otherdeed for Otherside,1183.78733699049,78663.9718250991,2023-12-18,CoinGecko
Otherdeed for Otherside,1169.53553228642,48005.4770084714,2023-12-19,CoinGecko
Otherdeed for Otherside,1116.97156187762,23912.8123375024,2023-12-20,CoinGecko
CryptoPunks,113745.420607365,133461.293512642,2023-11-21,CoinGecko
CryptoPunks,108331.410100377,108989.136518844,2023-11-22,CoinGecko
CryptoPunks,115556.159032977,145502.932877743,2023-11-23,CoinGecko
CryptoPunks,115515.784347895,722432.703112323,2023-11-24,CoinGecko
CryptoPunks,118422.078656281,251475.456606003,2023-11-25,CoinGecko
CryptoPunks,118751.51068154,651164.188243221,2023-11-26,CoinGecko
CryptoPunks,116551.876934516,251030.051401083,2023-11-27,CoinGecko
CryptoPunks,116361.416936437,493466.486391184,2023-11-28,CoinGecko
CryptoPunks,117681.736493145,625312.362899118,2023-11-29,CoinGecko
CryptoPunks,115649.011149718,251428.539769258,2023-11-30,CoinGecko
CryptoPunks,116953.43480479,875385.581079233,2023-12-01,CoinGecko
CryptoPunks,118719.380010347,121016.500819694,2023-12-02,CoinGecko
CryptoPunks,123115.099698453,134268.006707196,2023-12-03,CoinGecko
CryptoPunks,124791.413344027,289292.178796997,2023-12-04,CoinGecko
CryptoPunks,128511.978841697,856903.685613393,2023-12-05,CoinGecko
CryptoPunks,130928.586154506,335749.6061135,2023-12-06,CoinGecko
CryptoPunks,126886.281692188,399203.076537382,2023-12-07,CoinGecko
CryptoPunks,133146.467317816,553633.806129965,2023-12-08,CoinGecko
CryptoPunks,132002.343504506,561712.602534918,2023-12-09,CoinGecko
CryptoPunks,130294.363970027,268988.023444675,2023-12-10,CoinGecko
CryptoPunks,130712.876562556,394021.083355535,2023-12-11,CoinGecko
CryptoPunks,123929.858629064,381647.885704514,2023-12-12,CoinGecko
CryptoPunks,122139.927774859,429536.416272016,2023-12-13,CoinGecko
CryptoPunks,123948.733714601,594515.36530372,2023-12-14,CoinGecko
CryptoPunks,127038.934341805,708910.623942023,2023-12-15,CoinGecko
CryptoPunks,122909.527093503,255953.148722991,2023-12-16,CoinGecko
CryptoPunks,121774.494282235,431756.057178072,2023-12-17,CoinGecko
CryptoPunks,118480.07021998,116285.994845536,2023-12-18,CoinGecko
CryptoPunks,119738.713073317,115303.945922454,2023-12-19,CoinGecko
CryptoPunks,117627.867657348,124162.749193867,2023-12-20,CoinGecko
